obs_id,artist,tour,city,country,continent,venue,leg_year,first_date,num_shows,attendance,capacity,sellout_pct,attendance_per_show,revenue_usd,revenue_source,revenue_is_estimated,avg_revenue_per_show_usd,songs_played_setlist,songs_played_source,opening_acts,num_opening_acts,attendance_flag,source_citation
1,Taylor Swift,The Eras Tour,Glendale,United States,North America,State Farm Stadium,2023,3/17/23,2,140000,140000,100,70000,28606200,estimated_attendance_x_avg_ticket_204.33,1,14303100,44,estimate_standard_setlist,Paramore; Gayle,2,reported,Wikipedia: The Eras Tour (tour dates table)
3,Taylor Swift,The Eras Tour,Arlington,United States,North America,AT&T Stadium,2023,3/31/23,3,210607,210607,100,70202.3,43033328.31,estimated_attendance_x_avg_ticket_204.33,1,14344442.77,44,estimate_standard_setlist,Muna; Gayle; Beabadoobee; Gracie Abrams,4,reported,Wikipedia: The Eras Tour (tour dates table)
4,Taylor Swift,The Eras Tour,Tampa,United States,North America,Raymond James Stadium,2023,4/13/23,3,206459,206459,100,68819.7,42185767.47,estimated_attendance_x_avg_ticket_204.33,1,14061922.49,44,estimate_standard_setlist,Beabadoobee; Gayle; Gracie Abrams,3,reported,Wikipedia: The Eras Tour (tour dates table)
5,Taylor Swift,The Eras Tour,Houston,United States,North America,NRG Stadium,2023,4/21/23,3,216660,216660,100,72220,44270137.8,estimated_attendance_x_avg_ticket_204.33,1,14756712.6,44,estimate_standard_setlist,Beabadoobee; Gracie Abrams,2,reported,Wikipedia: The Eras Tour (tour dates table)
6,Taylor Swift,The Eras Tour,Atlanta,United States,North America,Mercedes-Benz Stadium,2023,4/28/23,3,210000,210000,100,70000,42909300,estimated_attendance_x_avg_ticket_204.33,1,14303100,44,estimate_standard_setlist,Beabadoobee; Gracie Abrams; Muna; Gayle,4,reported,Wikipedia: The Eras Tour (tour dates table)
7,Taylor Swift,The Eras Tour,Nashville,United States,North America,Nissan Stadium,2023,5/5/23,3,213000,213000,100,71000,43522290,estimated_attendance_x_avg_ticket_204.33,1,14507430,44,estimate_standard_setlist,Phoebe Bridgers; Gracie Abrams; Gayle,3,wikipedia_estimate,Wikipedia: The Eras Tour (tour dates table)
8,Taylor Swift,The Eras Tour,Philadelphia,United States,North America,Lincoln Financial Field,2023,5/12/23,3,202700,202700,100,67566.7,41417691,estimated_attendance_x_avg_ticket_204.33,1,13805897,44,estimate_standard_setlist,Phoebe Bridgers; Gayle; Gracie Abrams,3,reported,Wikipedia: The Eras Tour (tour dates table)
9,Taylor Swift,The Eras Tour,Foxborough,United States,North America,Gillette Stadium,2023,5/19/23,3,200000,200000,100,66666.7,40866000,estimated_attendance_x_avg_ticket_204.33,1,13622000,44,estimate_standard_setlist,Phoebe Bridgers; Gayle; Gracie Abrams,3,reported,Wikipedia: The Eras Tour (tour dates table)
10,Taylor Swift,The Eras Tour,East Rutherford,United States,North America,MetLife Stadium,2023,5/26/23,3,217635,217635,100,72545,44469359.55,estimated_attendance_x_avg_ticket_204.33,1,14823119.85,44,estimate_standard_setlist,Phoebe Bridgers; Gayle; Gracie Abrams; Owenn,4,reported,Wikipedia: The Eras Tour (tour dates table)
11,Taylor Swift,The Eras Tour,Chicago,United States,North America,Soldier Field,2023,6/2/23,3,150000,150000,100,50000,30649500,estimated_attendance_x_avg_ticket_204.33,1,10216500,44,estimate_standard_setlist,Girl in Red; Owenn; Muna; Gracie Abrams,4,wikipedia_estimate,Wikipedia: The Eras Tour (tour dates table)
12,Taylor Swift,The Eras Tour,Detroit,United States,North America,Ford Field,2023,6/9/23,2,118661,118661,100,59330.5,24246002.13,estimated_attendance_x_avg_ticket_204.33,1,12123001.06,44,estimate_standard_setlist,Girl in Red; Gracie Abrams; Owenn,3,reported,Wikipedia: The Eras Tour (tour dates table)
13,Taylor Swift,The Eras Tour,Pittsburgh,United States,North America,Acrisure Stadium,2023,6/16/23,2,146234,146234,100,73117,29879993.22,estimated_attendance_x_avg_ticket_204.33,1,14939996.61,44,estimate_standard_setlist,Girl in Red; Gracie Abrams; Owenn,3,wikipedia_estimate,Wikipedia: The Eras Tour (tour dates table)
14,Taylor Swift,The Eras Tour,Minneapolis,United States,North America,U.S. Bank Stadium,2023,6/23/23,2,128906,128906,100,64453,26339362.98,estimated_attendance_x_avg_ticket_204.33,1,13169681.49,44,estimate_standard_setlist,Girl in Red; Gracie Abrams; Owenn,3,reported,Wikipedia: The Eras Tour (tour dates table)
15,Taylor Swift,The Eras Tour,Cincinnati,United States,North America,Paycor Stadium,2023,6/30/23,2,130000,130000,100,65000,26562900,estimated_attendance_x_avg_ticket_204.33,1,13281450,44,estimate_standard_setlist,Muna; Gracie Abrams,2,reported,Wikipedia: The Eras Tour (tour dates table)
16,Taylor Swift,The Eras Tour,Kansas City,United States,North America,GEHA Field at Arrowhead Stadium,2023,7/7/23,2,110000,110000,100,55000,22476300,estimated_attendance_x_avg_ticket_204.33,1,11238150,44,estimate_standard_setlist,Muna; Gracie Abrams,2,reported,Wikipedia: The Eras Tour (tour dates table)
17,Taylor Swift,The Eras Tour,Denver,United States,North America,Empower Field at Mile High,2023,7/14/23,2,150000,150000,100,75000,30649500,estimated_attendance_x_avg_ticket_204.33,1,15324750,44,estimate_standard_setlist,Muna; Gracie Abrams,2,reported,Wikipedia: The Eras Tour (tour dates table)
18,Taylor Swift,The Eras Tour,Seattle,United States,North America,Lumen Field,2023,7/22/23,2,144342,144342,100,72171,29493400.86,estimated_attendance_x_avg_ticket_204.33,1,14746700.43,44,estimate_standard_setlist,Haim; Gracie Abrams,2,wikipedia_estimate,Wikipedia: The Eras Tour (tour dates table)
19,Taylor Swift,The Eras Tour,Santa Clara,United States,North America,Levi's Stadium,2023,7/28/23,2,140000,140000,100,70000,28606200,estimated_attendance_x_avg_ticket_204.33,1,14303100,44,estimate_standard_setlist,Haim; Gracie Abrams,2,reported,Wikipedia: The Eras Tour (tour dates table)
20,Taylor Swift,The Eras Tour,Inglewood,United States,North America,SoFi Stadium,2023,8/3/23,6,420000,420000,100,70000,85818600,estimated_attendance_x_avg_ticket_204.33,1,14303100,44,estimate_standard_setlist,Haim; Gracie Abrams; Owenn; Gayle,4,reported,Wikipedia: The Eras Tour (tour dates table)
21,Taylor Swift,The Eras Tour,Mexico City,Mexico,North America,Foro Sol,2023,8/24/23,4,180000,180000,100,45000,36779400,estimated_attendance_x_avg_ticket_204.33,1,9194850,44,estimate_standard_setlist,Sabrina Carpenter,1,reported,Wikipedia: The Eras Tour (tour dates table)
22,Taylor Swift,The Eras Tour,Buenos Aires,Argentina,South America,Estadio River Plate,2023,11/9/23,3,220000,220000,100,73333.3,44952600,estimated_attendance_x_avg_ticket_204.33,1,14984200,44,estimate_standard_setlist,Sabrina Carpenter; Louta,2,reported,Wikipedia: The Eras Tour (tour dates table)
23,Taylor Swift,The Eras Tour,Rio de Janeiro,Brazil,South America,Estadio Olimpico Nilton Santos,2023,11/17/23,3,180000,180000,100,60000,36779400,estimated_attendance_x_avg_ticket_204.33,1,12259800,44,estimate_standard_setlist,Sabrina Carpenter,1,wikipedia_estimate,Wikipedia: The Eras Tour (tour dates table)
24,Taylor Swift,The Eras Tour,Sao Paulo,Brazil,South America,Allianz Parque,2023,11/24/23,3,150000,150000,100,50000,30649500,estimated_attendance_x_avg_ticket_204.33,1,10216500,44,estimate_standard_setlist,Sabrina Carpenter,1,reported,Wikipedia: The Eras Tour (tour dates table)
25,Taylor Swift,The Eras Tour,Tokyo,Japan,Asia,Tokyo Dome,2024,2/7/24,4,220000,220000,100,55000,44952600,estimated_attendance_x_avg_ticket_204.33,1,11238150,44,estimate_standard_setlist,None,0,reported,Wikipedia: The Eras Tour (tour dates table)
26,Taylor Swift,The Eras Tour,Melbourne,Australia,Oceania,Melbourne Cricket Ground,2024,2/16/24,3,288000,288000,100,96000,58847040,estimated_attendance_x_avg_ticket_204.33,1,19615680,44,estimate_standard_setlist,Sabrina Carpenter,1,reported,Wikipedia: The Eras Tour (tour dates table)
27,Taylor Swift,The Eras Tour,Sydney,Australia,Oceania,Accor Stadium,2024,2/23/24,4,320000,320000,100,80000,65385600,estimated_attendance_x_avg_ticket_204.33,1,16346400,44,estimate_standard_setlist,Sabrina Carpenter,1,wikipedia_estimate,Wikipedia: The Eras Tour (tour dates table)
28,Taylor Swift,The Eras Tour,Singapore,Singapore,Asia,Singapore National Stadium,2024,3/2/24,6,378000,378000,100,63000,77236740,estimated_attendance_x_avg_ticket_204.33,1,12872790,44,estimate_standard_setlist,Sabrina Carpenter,1,wikipedia_estimate,Wikipedia: The Eras Tour (tour dates table)
29,Taylor Swift,The Eras Tour,Nanterre,France,Europe,Paris La Defense Arena,2024,5/9/24,4,180000,180000,100,45000,36779400,estimated_attendance_x_avg_ticket_204.33,1,9194850,45,estimate_standard_setlist,Paramore,1,reported,Wikipedia: The Eras Tour (tour dates table)
30,Taylor Swift,The Eras Tour,Stockholm,Sweden,Europe,Friends Arena,2024,5/17/24,3,178679,178679,100,59559.7,36509480.07,estimated_attendance_x_avg_ticket_204.33,1,12169826.69,45,estimate_standard_setlist,Paramore,1,reported,Wikipedia: The Eras Tour (tour dates table)
31,Taylor Swift,The Eras Tour,Lisbon,Portugal,Europe,Estadio da Luz,2024,5/24/24,2,120000,120000,100,60000,24519600,estimated_attendance_x_avg_ticket_204.33,1,12259800,45,estimate_standard_setlist,Paramore,1,reported,Wikipedia: The Eras Tour (tour dates table)
32,Taylor Swift,The Eras Tour,Madrid,Spain,Europe,Estadio Santiago Bernabeu,2024,5/29/24,2,130000,130000,100,65000,26562900,estimated_attendance_x_avg_ticket_204.33,1,13281450,45,estimate_standard_setlist,Paramore,1,reported,Wikipedia: The Eras Tour (tour dates table)
33,Taylor Swift,The Eras Tour,Decines-Charpieu,France,Europe,Groupama Stadium,2024,6/2/24,2,122000,122000,100,61000,24928260,estimated_attendance_x_avg_ticket_204.33,1,12464130,45,estimate_standard_setlist,Paramore,1,wikipedia_estimate,Wikipedia: The Eras Tour (tour dates table)
34,Taylor Swift,The Eras Tour,Edinburgh,Scotland,Europe,Murrayfield Stadium,2024,6/7/24,3,219000,219000,100,73000,44748270,estimated_attendance_x_avg_ticket_204.33,1,14916090,45,estimate_standard_setlist,Paramore,1,reported,Wikipedia: The Eras Tour (tour dates table)
35,Taylor Swift,The Eras Tour,Liverpool,England,Europe,Anfield,2024,6/13/24,3,186000,186000,100,62000,38005380,estimated_attendance_x_avg_ticket_204.33,1,12668460,45,estimate_standard_setlist,Paramore,1,wikipedia_estimate,Wikipedia: The Eras Tour (tour dates table)
36,Taylor Swift,The Eras Tour,Cardiff,Wales,Europe,Principality Stadium,2024,6/18/24,1,70000,70000,100,70000,14303100,estimated_attendance_x_avg_ticket_204.33,1,14303100,45,estimate_standard_setlist,Paramore,1,reported,Wikipedia: The Eras Tour (tour dates table)
37,Taylor Swift,The Eras Tour,London,England,Europe,Wembley Stadium,2024,6/21/24,8,753112,753112,100,94139,153883375,estimated_attendance_x_avg_ticket_204.33,1,19235421.87,45,estimate_standard_setlist,Paramore; Mette; Griff; Benson Boone; Sofia Isella; Holly Humberstone; Suki Waterhouse; Maisie Peters; Raye,9,reported,Wikipedia: The Eras Tour (tour dates table)
38,Taylor Swift,The Eras Tour,Dublin,Ireland,Europe,Aviva Stadium,2024,6/28/24,3,150000,150000,100,50000,30649500,estimated_attendance_x_avg_ticket_204.33,1,10216500,45,estimate_standard_setlist,Paramore,1,reported,Wikipedia: The Eras Tour (tour dates table)
39,Taylor Swift,The Eras Tour,Amsterdam,Netherlands,Europe,Johan Cruyff Arena,2024,7/4/24,3,165000,165000,100,55000,33714450,estimated_attendance_x_avg_ticket_204.33,1,11238150,45,estimate_standard_setlist,Paramore,1,reported,Wikipedia: The Eras Tour (tour dates table)
40,Taylor Swift,The Eras Tour,Zurich,Switzerland,Europe,Letzigrund,2024,7/9/24,2,95000,95000,100,47500,19411350,estimated_attendance_x_avg_ticket_204.33,1,9705675,45,estimate_standard_setlist,Paramore,1,reported,Wikipedia: The Eras Tour (tour dates table)
41,Taylor Swift,The Eras Tour,Milan,Italy,Europe,San Siro,2024,7/13/24,2,160000,160000,100,80000,32692800,estimated_attendance_x_avg_ticket_204.33,1,16346400,45,estimate_standard_setlist,Paramore,1,reported,Wikipedia: The Eras Tour (tour dates table)
42,Taylor Swift,The Eras Tour,Gelsenkirchen,Germany,Europe,Veltins-Arena,2024,7/17/24,3,180000,180000,100,60000,36779400,estimated_attendance_x_avg_ticket_204.33,1,12259800,45,estimate_standard_setlist,Paramore,1,reported,Wikipedia: The Eras Tour (tour dates table)
43,Taylor Swift,The Eras Tour,Hamburg,Germany,Europe,Volksparkstadion,2024,7/23/24,2,100000,100000,100,50000,20433000,estimated_attendance_x_avg_ticket_204.33,1,10216500,45,estimate_standard_setlist,Paramore,1,reported,Wikipedia: The Eras Tour (tour dates table)
44,Taylor Swift,The Eras Tour,Munich,Germany,Europe,Olympiastadion,2024,7/27/24,2,148000,148000,100,74000,30240840,estimated_attendance_x_avg_ticket_204.33,1,15120420,45,estimate_standard_setlist,Paramore,1,reported,Wikipedia: The Eras Tour (tour dates table)
45,Taylor Swift,The Eras Tour,Warsaw,Poland,Europe,PGE Narodowy,2024,8/1/24,3,195000,195000,100,65000,39844350,estimated_attendance_x_avg_ticket_204.33,1,13281450,45,estimate_standard_setlist,Paramore,1,wikipedia_estimate,Wikipedia: The Eras Tour (tour dates table)
46,Taylor Swift,The Eras Tour,Miami Gardens,United States,North America,Hard Rock Stadium,2024,10/18/24,3,183000,183000,100,61000,37392390,estimated_attendance_x_avg_ticket_204.33,1,12464130,45,estimate_standard_setlist,Gracie Abrams,1,reported,Wikipedia: The Eras Tour (tour dates table)
47,Taylor Swift,The Eras Tour,New Orleans,United States,North America,Caesars Superdome,2024,10/25/24,3,195000,195000,100,65000,39844350,estimated_attendance_x_avg_ticket_204.33,1,13281450,45,estimate_standard_setlist,Gracie Abrams,1,reported,Wikipedia: The Eras Tour (tour dates table)
48,Taylor Swift,The Eras Tour,Indianapolis,United States,North America,Lucas Oil Stadium,2024,11/1/24,3,207000,207000,100,69000,42296310,estimated_attendance_x_avg_ticket_204.33,1,14098770,45,estimate_standard_setlist,Gracie Abrams,1,reported,Wikipedia: The Eras Tour (tour dates table)
50,Taylor Swift,The Eras Tour,Vancouver,Canada,North America,BC Place,2024,12/6/24,3,160000,160000,100,53333.3,32692800,estimated_attendance_x_avg_ticket_204.33,1,10897600,45,estimate_standard_setlist,Gracie Abrams,1,reported,Wikipedia: The Eras Tour (tour dates table)
51,Shakira,Las Mujeres Ya No Lloran World Tour,Rio de Janeiro,Brazil,South America,Estadio Olimpico Nilton Santos,2025,2/11/25,1,35180,35180,100,35180,2896941,billboard_boxscore_reported,0,2896941,30,estimate_standard_setlist,Dennis,1,reported,Wikipedia: Las Mujeres Ya No Lloran World Tour (tour dates table)
52,Shakira,Las Mujeres Ya No Lloran World Tour,Sao Paulo,Brazil,South America,Estadio do Morumbi,2025,2/13/25,1,65922,65922,100,65922,6444211,billboard_boxscore_reported,0,6444211,30,estimate_standard_setlist,None,0,reported,Wikipedia: Las Mujeres Ya No Lloran World Tour (tour dates table)
53,Shakira,Las Mujeres Ya No Lloran World Tour,Lima,Peru,South America,Estadio Nacional,2025,2/17/25,1,47674,47674,100,47674,6626028,billboard_boxscore_reported,0,6626028,30,estimate_standard_setlist,None,0,reported,Wikipedia: Las Mujeres Ya No Lloran World Tour (tour dates table)
54,Shakira,Las Mujeres Ya No Lloran World Tour,Barranquilla,Colombia,South America,Estadio Metropolitano Roberto Melendez,2025,2/20/25,2,97873,97873,100,48936.5,11263570,billboard_boxscore_reported,0,5631785,30,estimate_standard_setlist,None,0,reported,Wikipedia: Las Mujeres Ya No Lloran World Tour (tour dates table)
55,Shakira,Las Mujeres Ya No Lloran World Tour,Bogota,Colombia,South America,Estadio El Campin,2025,2/26/25,2,82897,82897,100,41448.5,12309377,billboard_boxscore_reported,0,6154688.5,30,estimate_standard_setlist,None,0,reported,Wikipedia: Las Mujeres Ya No Lloran World Tour (tour dates table)
56,Shakira,Las Mujeres Ya No Lloran World Tour,Buenos Aires,Argentina,South America,Campo Argentino de Polo,2025,3/7/25,2,115000,115000,100,57500,13250843,billboard_boxscore_reported,0,6625421.5,30,estimate_standard_setlist,Natalie Perez,1,reported,Wikipedia: Las Mujeres Ya No Lloran World Tour (tour dates table)
57,Shakira,Las Mujeres Ya No Lloran World Tour,Guadalupe,Mexico,North America,Estadio BBVA,2025,3/12/25,2,88201,88201,100,44100.5,12453145,billboard_boxscore_reported,0,6226572.5,30,estimate_standard_setlist,None,0,reported,Wikipedia: Las Mujeres Ya No Lloran World Tour (tour dates table)
58,Shakira,Las Mujeres Ya No Lloran World Tour,Zapopan,Mexico,North America,Estadio Akron,2025,3/16/25,2,70264,70264,100,35132,11539806,billboard_boxscore_reported,0,5769903,30,estimate_standard_setlist,None,0,reported,Wikipedia: Las Mujeres Ya No Lloran World Tour (tour dates table)
59,Shakira,Las Mujeres Ya No Lloran World Tour,Mexico City,Mexico,North America,Estadio GNP Seguros,2025,3/19/25,12,780000,780000,100,65000,76018118,billboard_boxscore_pooled,0,6334843.17,30,estimate_standard_setlist,Gale,1,pooled_12_shows,Wikipedia: Las Mujeres Ya No Lloran World Tour (tour dates table)
60,Shakira,Las Mujeres Ya No Lloran World Tour,Santiago,Chile,South America,Estadio Nacional Sports Park,2025,4/4/25,3,131985,131985,100,43995,14237591,billboard_boxscore_reported,0,4745863.67,30,estimate_standard_setlist,Antonella Sigala,1,reported,Wikipedia: Las Mujeres Ya No Lloran World Tour (tour dates table)
61,Shakira,Las Mujeres Ya No Lloran World Tour,Medellin,Colombia,South America,Estadio Atanasio Girardot,2025,4/12/25,2,73217,73217,100,36608.5,7503853,billboard_boxscore_reported,0,3751926.5,30,estimate_standard_setlist,Gale,1,reported,Wikipedia: Las Mujeres Ya No Lloran World Tour (tour dates table)
62,Shakira,Las Mujeres Ya No Lloran World Tour,Charlotte,United States,North America,Bank of America Stadium,2025,5/13/25,1,47406,47406,100,47406,4454350,billboard_boxscore_reported,0,4454350,30,estimate_standard_setlist,Wyclef Jean,1,reported,Wikipedia: Las Mujeres Ya No Lloran World Tour (tour dates table)
63,Shakira,Las Mujeres Ya No Lloran World Tour,East Rutherford,United States,North America,MetLife Stadium,2025,5/15/25,2,99876,99876,100,49938,13798380,billboard_boxscore_reported,0,6899190,30,estimate_standard_setlist,Pitbull,1,reported,Wikipedia: Las Mujeres Ya No Lloran World Tour (tour dates table)
64,Shakira,Las Mujeres Ya No Lloran World Tour,Montreal,Canada,North America,Bell Centre,2025,5/20/25,1,13224,13224,100,13224,2444413,billboard_boxscore_reported,0,2444413,30,estimate_standard_setlist,None,0,reported,Wikipedia: Las Mujeres Ya No Lloran World Tour (tour dates table)
65,Shakira,Las Mujeres Ya No Lloran World Tour,Detroit,United States,North America,Little Caesars Arena,2025,5/22/25,1,13034,13034,100,13034,2202308,billboard_boxscore_reported,0,2202308,30,estimate_standard_setlist,None,0,reported,Wikipedia: Las Mujeres Ya No Lloran World Tour (tour dates table)
67,Shakira,Las Mujeres Ya No Lloran World Tour,Toronto,Canada,North America,Scotiabank Arena,2025,5/26/25,1,13458,13458,100,13458,2888000,billboard_boxscore_reported,0,2888000,30,estimate_standard_setlist,None,0,reported,Wikipedia: Las Mujeres Ya No Lloran World Tour (tour dates table)
68,Shakira,Las Mujeres Ya No Lloran World Tour,Atlanta,United States,North America,State Farm Arena,2025,6/2/25,1,11371,11371,100,11371,2588638,billboard_boxscore_reported,0,2588638,30,estimate_standard_setlist,None,0,reported,Wikipedia: Las Mujeres Ya No Lloran World Tour (tour dates table)
69,Shakira,Las Mujeres Ya No Lloran World Tour,Orlando,United States,North America,Camping World Stadium,2025,6/4/25,1,45182,45182,100,45182,6277851,billboard_boxscore_reported,0,6277851,30,estimate_standard_setlist,None,0,reported,Wikipedia: Las Mujeres Ya No Lloran World Tour (tour dates table)
70,Shakira,Las Mujeres Ya No Lloran World Tour,Miami Gardens,United States,North America,Hard Rock Stadium,2025,6/6/25,2,85840,85840,100,42920,13173719,billboard_boxscore_reported,0,6586859.5,30,estimate_standard_setlist,None,0,reported,Wikipedia: Las Mujeres Ya No Lloran World Tour (tour dates table)
71,Shakira,Las Mujeres Ya No Lloran World Tour,Arlington,United States,North America,Globe Life Field,2025,6/11/25,1,38534,38534,100,38534,5138848,billboard_boxscore_reported,0,5138848,30,estimate_standard_setlist,None,0,reported,Wikipedia: Las Mujeres Ya No Lloran World Tour (tour dates table)
72,Shakira,Las Mujeres Ya No Lloran World Tour,Houston,United States,North America,Toyota Center,2025,6/15/25,2,22101,22101,100,11050.5,4629511,billboard_boxscore_reported,0,2314755.5,30,estimate_standard_setlist,None,0,reported,Wikipedia: Las Mujeres Ya No Lloran World Tour (tour dates table)
73,Shakira,Las Mujeres Ya No Lloran World Tour,Phoenix,United States,North America,PHX Arena,2025,6/22/25,2,23016,23016,100,11508,5635838,billboard_boxscore_reported,0,2817919,30,estimate_standard_setlist,None,0,reported,Wikipedia: Las Mujeres Ya No Lloran World Tour (tour dates table)
74,Shakira,Las Mujeres Ya No Lloran World Tour,San Diego,United States,North America,Snapdragon Stadium,2025,6/26/25,1,28630,28630,100,28630,5241515,billboard_boxscore_reported,0,5241515,30,estimate_standard_setlist,None,0,reported,Wikipedia: Las Mujeres Ya No Lloran World Tour (tour dates table)
75,Shakira,Las Mujeres Ya No Lloran World Tour,Paradise,United States,North America,Allegiant Stadium,2025,6/28/25,1,47058,47058,100,47058,6677413,billboard_boxscore_reported,0,6677413,30,estimate_standard_setlist,None,0,reported,Wikipedia: Las Mujeres Ya No Lloran World Tour (tour dates table)
76,Shakira,Las Mujeres Ya No Lloran World Tour,San Francisco,United States,North America,Oracle Park,2025,6/30/25,1,35431,35431,100,35431,6561645,billboard_boxscore_reported,0,6561645,30,estimate_standard_setlist,None,0,reported,Wikipedia: Las Mujeres Ya No Lloran World Tour (tour dates table)
77,Shakira,Las Mujeres Ya No Lloran World Tour,San Antonio,United States,North America,Alamodome,2025,7/5/25,1,46350,46350,100,46350,6573453,billboard_boxscore_reported,0,6573453,30,estimate_standard_setlist,None,0,reported,Wikipedia: Las Mujeres Ya No Lloran World Tour (tour dates table)
78,Shakira,Las Mujeres Ya No Lloran World Tour,Inglewood,United States,North America,SoFi Stadium,2025,8/4/25,2,92239,92239,100,46119.5,10601486,billboard_boxscore_reported,0,5300743,30,estimate_standard_setlist,Black Eyed Peas,1,reported,Wikipedia: Las Mujeres Ya No Lloran World Tour (tour dates table)
79,Shakira,Las Mujeres Ya No Lloran World Tour,Fresno,United States,North America,Valley Children's Stadium,2025,8/7/25,1,27835,27835,100,27835,2709871,billboard_boxscore_reported,0,2709871,30,estimate_standard_setlist,None,0,reported,Wikipedia: Las Mujeres Ya No Lloran World Tour (tour dates table)
80,Shakira,Las Mujeres Ya No Lloran World Tour,Tijuana,Mexico,North America,Estadio Caliente,2025,8/11/25,1,35536,35536,100,35536,4084602,billboard_boxscore_reported,0,4084602,30,estimate_standard_setlist,None,0,reported,Wikipedia: Las Mujeres Ya No Lloran World Tour (tour dates table)
81,Shakira,Las Mujeres Ya No Lloran World Tour,Hermosillo,Mexico,North America,Estadio Heroe de Nacozari,2025,8/14/25,1,26782,26782,100,26782,3156924,billboard_boxscore_reported,0,3156924,30,estimate_standard_setlist,None,0,reported,Wikipedia: Las Mujeres Ya No Lloran World Tour (tour dates table)
82,Shakira,Las Mujeres Ya No Lloran World Tour,Chihuahua,Mexico,North America,Estadio UACH,2025,8/17/25,1,32503,32503,100,32503,4701539,billboard_boxscore_reported,0,4701539,30,estimate_standard_setlist,None,0,reported,Wikipedia: Las Mujeres Ya No Lloran World Tour (tour dates table)
83,Shakira,Las Mujeres Ya No Lloran World Tour,Torreon,Mexico,North America,Estadio Corona,2025,8/20/25,1,29573,29573,100,29573,4156343,billboard_boxscore_reported,0,4156343,30,estimate_standard_setlist,Pitbull,1,reported,Wikipedia: Las Mujeres Ya No Lloran World Tour (tour dates table)
84,Shakira,Las Mujeres Ya No Lloran World Tour,Monterrey,Mexico,North America,Parque Fundidora,2025,8/23/25,1,29311,29311,100,29311,4171658,billboard_boxscore_reported,0,4171658,30,estimate_standard_setlist,None,0,reported,Wikipedia: Las Mujeres Ya No Lloran World Tour (tour dates table)
85,Shakira,Las Mujeres Ya No Lloran World Tour,Queretaro,Mexico,North America,Estadio Corregidora,2025,9/2/25,2,54068,54068,100,27034,7230361,billboard_boxscore_reported,0,3615180.5,30,estimate_standard_setlist,None,0,reported,Wikipedia: Las Mujeres Ya No Lloran World Tour (tour dates table)
86,Shakira,Las Mujeres Ya No Lloran World Tour,Zapopan,Mexico,North America,Estadio Akron,2025,9/6/25,2,67435,67435,100,33717.5,9365442,billboard_boxscore_reported,0,4682721,30,estimate_standard_setlist,None,0,reported,Wikipedia: Las Mujeres Ya No Lloran World Tour (tour dates table)
87,Shakira,Las Mujeres Ya No Lloran World Tour,Puebla,Mexico,North America,Estadio Cuauhtemoc,2025,9/11/25,2,76727,76727,100,38363.5,8057898,billboard_boxscore_reported,0,4028949,30,estimate_standard_setlist,None,0,reported,Wikipedia: Las Mujeres Ya No Lloran World Tour (tour dates table)
88,Shakira,Las Mujeres Ya No Lloran World Tour,Boca del Rio,Mexico,North America,Estadio Luis Pirata Fuente,2025,9/24/25,1,29878,29878,100,29878,4027195,billboard_boxscore_reported,0,4027195,30,estimate_standard_setlist,None,0,reported,Wikipedia: Las Mujeres Ya No Lloran World Tour (tour dates table)
89,Shakira,Las Mujeres Ya No Lloran World Tour,Cali,Colombia,South America,Estadio Olimpico Pascual Guerrero,2025,10/25/25,2,77875,77875,100,38937.5,7167325,billboard_boxscore_reported,0,3583662.5,30,estimate_standard_setlist,None,0,reported,Wikipedia: Las Mujeres Ya No Lloran World Tour (tour dates table)